Transaction Date,Post Date,Description,Category,Type,Amount,Memo
08/21/2024,08/22/2024,AMAZON MKTPL*RU6TG1YK1,Shopping,Sale,-12.78,
08/21/2024,08/22/2024,AMAZON MKTPL*RU2U15IG0,Shopping,Sale,-18.39,
08/20/2024,08/21/2024,AMAZON MKTPL*RU3M717B0,Shopping,Sale,-43.47,
08/20/2024,08/21/2024,WALGREENS #15071,Health & Wellness,Sale,-32.82,
08/21/2024,08/21/2024,AMAZON MKTPL*R43AY4PU2,Shopping,Sale,-7.90,
08/20/2024,08/21/2024,WALGREENS #15071,Health & Wellness,Sale,-22.65,
08/21/2024,08/21/2024,AMAZON MKTPL*R43CR5G22,Shopping,Sale,-49.99,
08/20/2024,08/21/2024,AMAZON MKTPL*RU7PQ27N1,Shopping,Sale,-58.85,
08/19/2024,08/20/2024,PARAMOUNT+,Bills & Utilities,Sale,-5.99,
08/18/2024,08/20/2024,CARLS JR RESTAURANTS 7155,Food & Drink,Sale,-6.99,
08/19/2024,08/20/2024,SP+AFF* PREMIER YARNS,Shopping,Sale,-19.45,
08/19/2024,08/20/2024,PY *BLACK ROCK COFFEE BAR,Food & Drink,Sale,-6.40,
08/18/2024,08/20/2024,SHELL OIL 57443144209,Gas,Sale,-52.50,
08/17/2024,08/19/2024,THE HOME DEPOT 4002,Home,Sale,-28.24,
08/16/2024,08/18/2024,A MEDIUM CORPORATION,Professional Services,Sale,-5.00,
08/16/2024,08/18/2024,SQ *COFFEE.CUP,Food & Drink,Sale,-13.80,
08/17/2024,08/18/2024,MCDONALD'S F20937,Food & Drink,Sale,-16.59,
08/16/2024,08/18/2024,BUSHWHACKERS SALOON,Food & Drink,Sale,-56.00,
08/14/2024,08/16/2024,SAFEWAY #1525,Groceries,Sale,-42.24,
08/14/2024,08/15/2024,MICHAELS #9490,Shopping,Sale,-37.94,
08/14/2024,08/15/2024,TST* THE HUMAN BEAN - MAD,Food & Drink,Sale,-7.00,
08/14/2024,08/15/2024,SPO*LEO'SLAIRPUB&amp;EATS,Food & Drink,Sale,-38.11,
08/15/2024,08/15/2024,Prime Video *RU1XW8FO0,Shopping,Sale,-3.79,
08/13/2024,08/15/2024,76 - 76 OF MADRAS,Gas,Sale,-43.57,
08/14/2024,08/15/2024,WALGREENS #15071,Health & Wellness,Sale,-15.00,
08/14/2024,08/15/2024,JOANN STORES*JOANN.COM,Shopping,Sale,-28.76,
08/13/2024,08/14/2024,COVE RV CORNER STORE LLC,Groceries,Sale,-3.50,
08/07/2024,08/13/2024,OR STATE PARKS,Bills & Utilities,Return,42.00,
08/12/2024,08/13/2024,COVE RV CORNER STORE LLC,Groceries,Sale,-17.50,
08/11/2024,08/13/2024,SAFEWAY #1960,Groceries,Sale,-76.77,
08/07/2024,08/13/2024,OR STATE PARKS,Bills & Utilities,Return,42.00,
08/12/2024,08/13/2024,COVE PALISADES RESORT S,Shopping,Sale,-25.85,
08/10/2024,08/12/2024,COVE RV CORNER STORE LLC,Groceries,Sale,-22.43,
08/10/2024,08/11/2024,OR PARKS AND RECREATION,Bills & Utilities,Sale,-14.00,
08/09/2024,08/11/2024,76 - CF UNITED APRO LL,Gas,Sale,-17.97,
08/09/2024,08/11/2024,OREGON LIQUOR STORE 148,Food & Drink,Sale,-38.94,
08/09/2024,08/11/2024,76 - CF UNITED APRO LL,Gas,Sale,-30.60,
08/09/2024,08/11/2024,OR STATE PARKS,Bills & Utilities,Sale,-100.00,
08/08/2024,08/09/2024,AMAZON MKTPL*RM8EZ2JA2,Shopping,Sale,-11.39,
08/07/2024,08/08/2024,AMAZON MKTPL*RM6VE8422,Shopping,Sale,-11.99,
08/08/2024,08/08/2024,PAYPAL *BOSQUEARTES,Professional Services,Sale,-4.10,
08/06/2024,08/07/2024,CHIPOTLE ONLINE,Food & Drink,Sale,-22.20,
08/06/2024,08/06/2024,Etsy.com*US,Shopping,Sale,-0.20,
08/05/2024,08/06/2024,SP+AFF* PREMIER YARNS,Shopping,Sale,-19.45,
08/05/2024,08/06/2024,SQ *DR. SARAH HOPKINS PSY,Health & Wellness,Sale,-70.00,
08/04/2024,08/05/2024,CHEVRON 0095545,Gas,Sale,-42.85,
08/03/2024,08/05/2024,DOOGERS SEAFOOD &amp; GRILL,Food & Drink,Sale,-40.12,
08/03/2024,08/05/2024,SAFEWAY #1260,Groceries,Sale,-12.99,
08/04/2024,08/05/2024,DAIRY QUEEN #17341,Food & Drink,Sale,-18.88,
08/03/2024,08/05/2024,DOOGERS SEAFOOD &amp; GRILL,Food & Drink,Sale,-8.00,
08/03/2024,08/04/2024,101 COMICSSPORTCARDSFLASH,Shopping,Sale,-12.00,
08/02/2024,08/04/2024,SAFEWAY #1260,Groceries,Sale,-49.42,
08/03/2024,08/04/2024,TIL*RZ EL TRIO LOCO 1,Food & Drink,Sale,-115.75,
08/03/2024,08/04/2024,SQ *RANDOM &amp; RARE,Shopping,Sale,-12.10,
08/03/2024,08/04/2024,SQ *ZINGERS HOMEMADE ICE,Groceries,Sale,-14.95,
08/02/2024,08/04/2024,MCDONALD'S F2160,Food & Drink,Sale,-11.39,
08/02/2024,08/04/2024,Amazon Prime*RF48M2F71,Bills & Utilities,Sale,-14.99,
07/31/2024,08/02/2024,SAFEWAY #1525,Groceries,Sale,-25.17,
07/31/2024,08/01/2024,MICHAELS STORES 8502,Shopping,Sale,-4.98,
08/01/2024,08/01/2024,UNITEDWHOLESALEMTG,Personal,Sale,-800.00,
07/31/2024,08/01/2024,AMAZON MKTPLACE PMTS,Shopping,Return,39.96,
07/31/2024,08/01/2024,JOANN STORES #2120,Shopping,Sale,-35.36,
07/30/2024,08/01/2024,TACO BELL #732947,Food & Drink,Sale,-21.85,
07/29/2024,07/31/2024,CENTURY THEATRES 483,Entertainment,Sale,-15.00,
07/30/2024,07/30/2024,Payment Thank You - Web,,Payment,3088.85,
07/29/2024,07/30/2024,TARGET        00034132,Shopping,Sale,-74.85,
07/27/2024,07/29/2024,SHELL OIL12849453001,Gas,Sale,-4.48,
07/29/2024,07/29/2024,FANDANGO,Entertainment,Sale,-30.38,
07/27/2024,07/29/2024,TACO BELL #27516,Food & Drink,Sale,-28.94,
07/27/2024,07/29/2024,SAFEWAY #1525,Groceries,Sale,-14.98,
07/28/2024,07/29/2024,MUCHAS GRACIAS,Food & Drink,Sale,-26.07,
07/27/2024,07/29/2024,SHELL OIL12849453001,Gas,Sale,-48.21,
07/25/2024,07/28/2024,MAZATLAN RESTAURANT,Food & Drink,Sale,-52.80,
07/26/2024,07/28/2024,AVA ROASTERIA BARROWS LLC,Food & Drink,Sale,-43.00,
07/26/2024,07/28/2024,Hulu 877-8244858 CA,Bills & Utilities,Sale,-2.00,
07/26/2024,07/28/2024,HUTCH AND LUCKYS,Food & Drink,Sale,-17.25,
07/25/2024,07/28/2024,SAFEWAY #1525,Groceries,Sale,-47.76,
07/25/2024,07/26/2024,OR LIQUOR STORE 107,Food & Drink,Sale,-29.90,
07/24/2024,07/25/2024,Spotify USA,Bills & Utilities,Sale,-16.99,
07/22/2024,07/23/2024,PY *BLACK ROCK COFFEE BAR,Food & Drink,Sale,-15.81,
07/22/2024,07/23/2024,SUNSTONEHI* 1329 N CRE,Professional Services,Sale,-550.00,
07/21/2024,07/23/2024,TST* KIZUKI RAMEN &amp; IZAKA,Food & Drink,Sale,-48.97,
07/22/2024,07/23/2024,SP+AFF* PREMIER YARNS,Shopping,Sale,-19.45,
07/20/2024,07/22/2024,TACO BELL 015317,Food & Drink,Sale,-8.88,
07/20/2024,07/21/2024,FRED M FUEL #9153   Q76,Gas,Sale,-43.88,
07/19/2024,07/21/2024,AMAZON MKTPL*RS48W0S61,Shopping,Sale,-6.79,
07/21/2024,07/21/2024,SQ *2 HEARTS MARKET /WILD,Professional Services,Sale,-60.00,
07/19/2024,07/21/2024,MCDONALD'S F21298,Food & Drink,Sale,-29.90,
07/19/2024,07/21/2024,PARAMOUNT+,Bills & Utilities,Sale,-5.99,
07/18/2024,07/19/2024,FRED-MEYER #0035,Groceries,Sale,-7.61,
07/18/2024,07/19/2024,MICHAELS #9490,Shopping,Sale,-54.29,
07/17/2024,07/18/2024,WP*downtownindependenc,Gifts & Donations,Sale,-35.00,
07/17/2024,07/18/2024,COSTCO WHSE #0009,Shopping,Sale,-134.38,
07/15/2024,07/17/2024,SHELL OIL 57443150800,Gas,Sale,-55.25,
07/15/2024,07/17/2024,TST* COFFEE RUSH 1,Food & Drink,Sale,-23.10,
07/16/2024,07/17/2024,VISTAPRINT,Professional Services,Sale,-33.98,
07/16/2024,07/17/2024,A MEDIUM CORPORATION,Professional Services,Sale,-5.00,
07/15/2024,07/16/2024,TST* JAMBA JUICE - 1476 -,Food & Drink,Sale,-16.04,
07/15/2024,07/16/2024,99 RANCH MARKET #16,Groceries,Sale,-56.40,
07/14/2024,07/16/2024,SAFEWAY #1525,Groceries,Sale,-86.55,
07/12/2024,07/14/2024,SAFEWAY #1525,Groceries,Sale,-26.97,
07/12/2024,07/14/2024,SQ *KAADY CAR WASHES,Automotive,Sale,-15.00,
07/08/2024,07/09/2024,AMAZON MKTPL*R74Y07UV2,Shopping,Sale,-39.96,
07/07/2024,07/09/2024,GOODWILL GREEN ACRES 19,Gifts & Donations,Sale,-23.00,
07/07/2024,07/09/2024,TST* THE ORIGINAL PANCAKE,Food & Drink,Sale,-50.50,
07/08/2024,07/09/2024,WALGREENS #15071,Health & Wellness,Sale,-8.00,
07/08/2024,07/09/2024,WALGREENS #15071,Health & Wellness,Sale,-25.65,
07/08/2024,07/09/2024,COSTCO WHSE #0009,Shopping,Sale,-214.95,
07/08/2024,07/09/2024,COSTCO WHSE #0009,Shopping,Sale,-6.97,
07/07/2024,07/09/2024,GOODWILL BOUTIQUE 18,Gifts & Donations,Sale,-70.00,
07/08/2024,07/09/2024,SP+AFF* PREMIER YARNS,Shopping,Sale,-19.45,
07/07/2024,07/08/2024,TST* FAT SHACK - EUGENE,Food & Drink,Sale,-40.67,
07/07/2024,07/08/2024,MOTEL 6 SPRINGFIELD,Travel,Sale,-118.63,
07/07/2024,07/08/2024,CHEVRON 0092282,Gas,Sale,-53.53,
07/06/2024,07/08/2024,DUTCH BROS OR2908,Food & Drink,Sale,-20.00,
07/04/2024,07/07/2024,SAFEWAY #1525,Groceries,Sale,-53.42,
07/05/2024,07/07/2024,SHELL OIL 57443144209,Gas,Sale,-41.82,
07/04/2024,07/07/2024,SAFEWAY #1525,Groceries,Sale,-5.99,
07/05/2024,07/07/2024,SHELL OIL 57443144209,Gas,Sale,-5.78,
07/05/2024,07/07/2024,KFC C750162,Food & Drink,Sale,-44.15,
07/06/2024,07/07/2024,WAL-MART #2320,Groceries,Sale,-50.79,
07/05/2024,07/07/2024,WAL-MART #2320,Shopping,Sale,-64.97,
07/04/2024,07/05/2024,MCDONALD'S F21298,Food & Drink,Sale,-14.90,
07/04/2024,07/05/2024,TST* BEACH DAY COFFEE,Food & Drink,Sale,-16.23,
07/03/2024,07/05/2024,SAFEWAY #1525,Groceries,Sale,-13.37,
07/03/2024,07/04/2024,AMAZON MKTPL*R76G40BI0,Shopping,Sale,-54.63,
07/03/2024,07/04/2024,AMAZON MKTPL*R77Y04331,Shopping,Sale,-17.06,
07/02/2024,07/03/2024,PAYPAL *VALERIATFC,Professional Services,Sale,-3.18,
07/02/2024,07/03/2024,Amazon Prime*R78B33LP2,Bills & Utilities,Sale,-14.99,
07/02/2024,07/03/2024,SQ *SUAREZ STITCHING,Shopping,Sale,-14.00,
07/02/2024,07/03/2024,PEETS 16607,Food & Drink,Sale,-13.50,
07/01/2024,07/02/2024,PAPA MURPHY'S OR033 OLO,Food & Drink,Sale,-26.99,
07/01/2024,07/02/2024,PAPA MURPHY'S OR033,Food & Drink,Sale,-2.60,
07/02/2024,07/02/2024,Trip.com,Travel,Sale,-142.00,
06/30/2024,07/02/2024,TACO BELL #032942,Food & Drink,Sale,-14.00,
06/30/2024,07/01/2024,FRED M FUEL #9153   Q76,Gas,Sale,-44.05,
06/29/2024,06/30/2024,NOODLES &amp; COMPANY #6200,Food & Drink,Sale,-37.12,
06/29/2024,06/30/2024,Payment Thank You-Mobile,,Payment,2684.77,
06/26/2024,06/27/2024,Hulu 877-8244858 CA,Bills & Utilities,Sale,-2.00,
06/24/2024,06/25/2024,Spotify USA,Bills & Utilities,Sale,-14.99,
06/24/2024,06/25/2024,OR LIQUOR STORE 107,Food & Drink,Sale,-53.95,
06/23/2024,06/25/2024,MARKET OF CHOICE #2,Groceries,Sale,-23.08,
06/24/2024,06/25/2024,CAN THO MARKET,Groceries,Sale,-8.95,
06/24/2024,06/25/2024,CITY OF ESTACADA,Bills & Utilities,Sale,-77.00,
06/23/2024,06/25/2024,JACK IN THE BOX 7143,Food & Drink,Sale,-11.68,
06/24/2024,06/25/2024,GROCERY OUTLET OF T,Groceries,Sale,-4.78,
06/23/2024,06/24/2024,AMAZON MKTPL*S42PV7ZL3,Shopping,Sale,-29.99,
06/22/2024,06/24/2024,OR STATE PARKS,Bills & Utilities,Sale,-100.00,
06/23/2024,06/24/2024,BUFFALO WILD WNGS 3574,Food & Drink,Sale,-43.74,
06/21/2024,06/23/2024,PANDA EXPRESS #1531,Food & Drink,Sale,-25.00,
06/21/2024,06/23/2024,AMAZON MKTPL*5D6E78D63,Shopping,Sale,-25.40,
06/22/2024,06/23/2024,AMAZON MKTPL*Y57E73WH3,Shopping,Sale,-37.08,
06/22/2024,06/23/2024,AMAZON MKTPL*B00MY6LK3,Shopping,Sale,-55.98,
06/22/2024,06/23/2024,SQ *TUALATIN ISLAND GREEN,Entertainment,Sale,-12.00,
06/20/2024,06/21/2024,AMAZON MKTPL*009AG9LD3,Shopping,Sale,-12.95,
06/20/2024,06/21/2024,WALMART.COM,Shopping,Sale,-231.69,
06/20/2024,06/21/2024,SQ *DR. SARAH HOPKINS PSY,Health & Wellness,Sale,-35.00,
06/20/2024,06/21/2024,DOLLAR TREE,Shopping,Sale,-50.00,
06/19/2024,06/20/2024,PARAMOUNT+,Bills & Utilities,Sale,-5.99,
06/19/2024,06/20/2024,AMAZON MKTPL*IF0396JR3,Shopping,Sale,-44.97,
06/19/2024,06/20/2024,SQ *INSOMNIA COFFEE CO.,Food & Drink,Sale,-17.25,
06/19/2024,06/20/2024,AMAZON MKTPL*8K9HP21Q3,Shopping,Sale,-4.53,
06/18/2024,06/19/2024,AMAZON MKTPL*RT1IZ4RQ3,Shopping,Sale,-18.91,
06/18/2024,06/19/2024,SP LOOPY CASES,Shopping,Sale,-50.00,
06/18/2024,06/19/2024,AMAZON MKTPL*0292X6WA3,Shopping,Sale,-43.55,
06/18/2024,06/19/2024,DAIRY QUEEN #18416,Food & Drink,Sale,-14.00,
06/16/2024,06/18/2024,76 - CF UNITED APRO LL,Gas,Sale,-51.60,
06/16/2024,06/18/2024,CARLS JR RESTAURANTS 7155,Food & Drink,Sale,-12.98,
06/16/2024,06/17/2024,FRED-MEYER #0393,Groceries,Sale,-47.50,
06/16/2024,06/17/2024,A MEDIUM CORPORATION,Professional Services,Sale,-5.00,
06/14/2024,06/16/2024,SQ *SPICE OF AFRICA,Food & Drink,Sale,-30.00,
06/15/2024,06/16/2024,ALTAR'D STATE #218,Shopping,Sale,-30.98,
06/14/2024,06/16/2024,SQ *WASHINGTON RENAISSANC,Entertainment,Sale,-13.80,
06/14/2024,06/16/2024,TST* COFFEE RUSH 1,Food & Drink,Sale,-19.01,
06/14/2024,06/16/2024,SQ *SPLINTERED LANCE,Entertainment,Sale,-18.40,
06/15/2024,06/16/2024,85C BAKERY CAFE USA,Food & Drink,Sale,-21.10,
06/14/2024,06/16/2024,CHICK-FIL-A #04048,Food & Drink,Sale,-24.23,
06/14/2024,06/16/2024,MICHAELS #9490,Shopping,Sale,-17.59,
06/14/2024,06/16/2024,MICHAELS #9490,Shopping,Sale,-34.22,
06/14/2024,06/16/2024,THE EGGROLL PEOPLE INC,Food & Drink,Sale,-10.35,
06/13/2024,06/14/2024,OR SEC STATE CORPDIV,Bills & Utilities,Sale,-10.00,
06/11/2024,06/12/2024,MCDONALD'S F21298,Food & Drink,Sale,-15.15,
06/11/2024,06/12/2024,SQ *HAVEN COFFEE CO.,Food & Drink,Sale,-14.38,
06/11/2024,06/12/2024,AMZN Mktp US*KD8IQ2IE3,Shopping,Sale,-16.99,
06/09/2024,06/11/2024,ROXYS ISLAND GRILL-HAPPY,Food & Drink,Sale,-35.08,
06/10/2024,06/11/2024,MCDONALD'S F2160,Food & Drink,Sale,-21.65,
06/07/2024,06/09/2024,HANDELS HOMEMADE PORTLAN,Food & Drink,Sale,-19.25,
06/08/2024,06/09/2024,AMZN Mktp US*FK1ZS81H3,Shopping,Sale,-7.99,
06/08/2024,06/09/2024,JOANN STORES*JOANN.COM,Shopping,Sale,-11.04,
06/08/2024,06/09/2024,OR SEC STATE CORPDIV,Bills & Utilities,Sale,-50.00,
06/06/2024,06/07/2024,JOANN STORES*JOANN.COM,Shopping,Sale,-13.71,
06/05/2024,06/06/2024,MICHAELS STORES 8502,Shopping,Return,7.99,
06/05/2024,06/06/2024,MICHAELS STORES 8502,Shopping,Sale,-13.16,
06/05/2024,06/06/2024,FRED MEYER FUEL 9035,Gas,Sale,-44.73,
06/05/2024,06/06/2024,JOANN STORES #2396,Shopping,Sale,-6.97,
06/05/2024,06/06/2024,SP PREMIER YARNS.COM,Shopping,Sale,-41.92,
06/04/2024,06/05/2024,COSTCO WHSE #0009,Shopping,Sale,-255.62,
06/04/2024,06/05/2024,COSTCO WHSE #0009,Shopping,Sale,-9.65,
06/02/2024,06/04/2024,SAFEWAY #2631,Groceries,Sale,-20.86,
06/03/2024,06/04/2024,HANDELS HOMEMADE PORTLAN,Food & Drink,Sale,-14.75,
06/02/2024,06/03/2024,AMZN Mktp US*835SU2QY3,Shopping,Sale,-51.87,
06/02/2024,06/03/2024,Amazon Prime*HO4YQ8QA3,Bills & Utilities,Sale,-14.99,
06/01/2024,06/03/2024,BEST BUY      00004515,Shopping,Sale,-249.99,
05/31/2024,06/03/2024,SUSHI MIOGA,Food & Drink,Sale,-28.87,
06/02/2024,06/03/2024,AMZN Mktp US*KW7Q73OY3,Shopping,Sale,-58.37,
06/02/2024,06/03/2024,GRUBHUBDAVESHOTCHICKE,Food & Drink,Sale,-40.70,
06/02/2024,06/03/2024,EB OREGON RENAISSANCE,Personal,Sale,-72.12,
06/02/2024,06/03/2024,SQ *INSOMNIA COFFEE CO.,Food & Drink,Sale,-6.75,
06/02/2024,06/03/2024,CHIPOTLE 2716,Food & Drink,Sale,-11.90,
06/02/2024,06/03/2024,AMZN Mktp US*NL2VV4193,Shopping,Sale,-48.04,
06/01/2024,06/02/2024,SQ *GOOD COFFEE LLC,Food & Drink,Sale,-23.29,
05/31/2024,06/02/2024,BURGERVILLE - 35 - SUNSET,Food & Drink,Sale,-21.82,
05/31/2024,06/02/2024,PDX AIRPORT PARKING,Travel,Sale,-8.00,
06/01/2024,06/02/2024,Etsy.com*US,Shopping,Sale,-0.20,
05/31/2024,06/02/2024,MARKET OF CHOICE #2,Groceries,Sale,-13.59,
05/31/2024,06/02/2024,SQ *PEET'S COFFEE - 418,Food & Drink,Sale,-7.15,
05/31/2024,05/31/2024,Payment Thank You-Mobile,,Payment,2438.46,
05/30/2024,05/31/2024,SQ *INSOMNIA COFFEE CO.,Food & Drink,Sale,-20.99,
05/27/2024,05/28/2024,AMZN Mktp US*JQ7EC57F3,Shopping,Sale,-18.99,
05/26/2024,05/28/2024,TACO BELL #032942,Food & Drink,Sale,-24.25,
05/27/2024,05/28/2024,SQ *BARLEY &amp; VINE TAVERN,Food & Drink,Sale,-18.00,
05/26/2024,05/28/2024,YO2GO FROZEN YOGURT.,Food & Drink,Sale,-8.95,
05/26/2024,05/28/2024,BURGERVILLE - 21 - SALMON,Food & Drink,Sale,-23.73,
05/26/2024,05/27/2024,Hulu 877-8244858 CA,Bills & Utilities,Sale,-2.00,
05/26/2024,05/27/2024,FRED M FUEL #9153   Q76,Gas,Sale,-48.24,
05/27/2024,05/27/2024,RV INN STYLE RESORTS A,Shopping,Sale,-97.02,
05/24/2024,05/26/2024,DONUTS PLUS,Food & Drink,Sale,-46.00,
05/24/2024,05/26/2024,Spotify USA,Bills & Utilities,Sale,-14.99,
05/23/2024,05/26/2024,ASIAN FOOD CENTER,Groceries,Sale,-16.98,
05/23/2024,05/24/2024,American Eagle Outfitters,Shopping,Sale,-24.96,
05/22/2024,05/24/2024,TST* COFFEE RUSH 1,Food & Drink,Sale,-16.10,
05/23/2024,05/24/2024,American Eagle 2056,Shopping,Return,49.95,
05/23/2024,05/24/2024,JOANN STORES #2396,Shopping,Sale,-10.98,
05/23/2024,05/24/2024,JOANN STORES #2396,Shopping,Return,7.99,
05/22/2024,05/23/2024,DAIRY QUEEN #18416,Food & Drink,Sale,-14.27,
05/22/2024,05/23/2024,WALGREENS #15071,Health & Wellness,Sale,-25.78,
05/22/2024,05/23/2024,PETSMART # 0384,Shopping,Sale,-102.43,
05/19/2024,05/21/2024,ROSS STORE #499,Shopping,Sale,-18.98,
05/19/2024,05/21/2024,THE HOT BOX,Shopping,Sale,-75.44,
05/19/2024,05/21/2024,SHELL OIL 93002579069,Gas,Sale,-30.99,
05/19/2024,05/20/2024,BEP LLC,Food & Drink,Sale,-46.00,
05/19/2024,05/20/2024,TARGET        00007666,Shopping,Sale,-3.00,
05/18/2024,05/20/2024,SHEVLIN HIXON ENTERTAINME,Entertainment,Sale,-12.00,
05/19/2024,05/20/2024,PARAMOUNT+,Bills & Utilities,Sale,-5.99,
05/18/2024,05/20/2024,TST* GREAT NOTION BEAVERT,Food & Drink,Sale,-16.15,
05/17/2024,05/19/2024,ROSS STORE #499,Shopping,Sale,-16.99,
05/17/2024,05/19/2024,AMZN Mktp US*025PT3P13,Shopping,Sale,-18.59,
05/18/2024,05/19/2024,MCDONALD'S F2977,Food & Drink,Sale,-8.69,
05/18/2024,05/19/2024,American Eagle 2045,Shopping,Sale,-134.87,
05/18/2024,05/19/2024,Francescas,Shopping,Sale,-25.95,
05/18/2024,05/19/2024,WALGREENS #15071,Health & Wellness,Sale,-3.29,
05/18/2024,05/19/2024,WALGREENS #15071,Health & Wellness,Sale,-6.48,
05/17/2024,05/19/2024,SHELL OIL 57443144209,Gas,Sale,-44.16,
05/16/2024,05/17/2024,A MEDIUM CORPORATION,Professional Services,Sale,-5.00,
05/15/2024,05/17/2024,LITTLE CAESARS 1367 0001,Food & Drink,Sale,-32.96,
05/15/2024,05/16/2024,FRED-MEYER #0127,Groceries,Sale,-7.47,
05/15/2024,05/16/2024,OR LIQUOR STORE 107,Food & Drink,Sale,-78.90,
05/13/2024,05/14/2024,COSTCO WHSE #0009,Shopping,Sale,-380.17,
05/11/2024,05/13/2024,MARKET OF CHOICE #2,Groceries,Sale,-25.68,
05/12/2024,05/13/2024,TST* THE HUMAN BEAN - WIL,Food & Drink,Sale,-13.40,
05/11/2024,05/13/2024,CARLS JR RESTAURANTS 8343,Food & Drink,Sale,-16.78,
05/11/2024,05/13/2024,SAFEWAY #1525,Groceries,Sale,-44.45,
05/10/2024,05/12/2024,TST* VON EBERT BREWING -,Food & Drink,Sale,-46.52,
05/11/2024,05/12/2024,WWW.RESUMEBUILDER.COM,Shopping,Sale,-23.95,
05/11/2024,05/12/2024,AMZN Mktp US*YW2SF1QE3,Shopping,Sale,-18.99,
05/10/2024,05/12/2024,AMZN Mktp US*DW7EN3VP3,Shopping,Sale,-30.88,
05/10/2024,05/12/2024,MARKET OF CHOICE #2,Groceries,Sale,-20.08,
05/09/2024,05/10/2024,DOLLAR TREE,Shopping,Sale,-18.00,
05/07/2024,05/09/2024,MARKET OF CHOICE #2,Groceries,Sale,-10.00,
05/07/2024,05/09/2024,MARKET OF CHOICE #2,Groceries,Sale,-19.54,
05/08/2024,05/09/2024,UWAJIMAYA,Groceries,Sale,-27.00,
05/07/2024,05/08/2024,Amazon.com*JM0K18S03,Shopping,Sale,-99.99,
05/06/2024,05/07/2024,MICHAELS #9490,Shopping,Sale,-56.70,
05/06/2024,05/07/2024,JOANN STORES*JOANN.COM,Shopping,Sale,-32.95,
05/06/2024,05/07/2024,JOANN STORES*JOANN.COM,Shopping,Sale,-31.96,
05/05/2024,05/07/2024,SHELL OIL 57443142708,Gas,Sale,-55.60,
05/05/2024,05/06/2024,CAMRYNSCUTECREATIONS,Shopping,Sale,-6.50,
05/04/2024,05/05/2024,DOLLAR TREE,Shopping,Sale,-7.55,
05/02/2024,05/05/2024,TARGET        00034132,Shopping,Sale,-118.15,
05/03/2024,05/05/2024,AMZN Mktp US*GW4W19OJ3,Shopping,Sale,-29.99,
05/04/2024,05/05/2024,SQ *COFFEE.CUP,Food & Drink,Sale,-14.30,
05/03/2024,05/05/2024,CHIAM RESTAURANT AND LOUN,Food & Drink,Sale,-72.22,
05/02/2024,05/03/2024,Amazon.com*N72D53R83,Shopping,Sale,-52.51,
05/02/2024,05/03/2024,Amazon Prime*GX5336I83,Bills & Utilities,Sale,-14.99,
05/01/2024,05/02/2024,SP FURLS CROCHET,Shopping,Sale,-101.98,
04/30/2024,04/30/2024,Payment Thank You-Mobile,,Payment,161.47,
04/28/2024,04/29/2024,AMZN Mktp US,Shopping,Return,499.99,
04/28/2024,04/29/2024,MCDONALD'S F36497,Food & Drink,Sale,-13.50,
04/27/2024,04/28/2024,WWW.RESUMEBUILDER.COM,Shopping,Sale,-2.95,
04/26/2024,04/28/2024,Hulu 877-8244858 CA,Bills & Utilities,Sale,-2.00,
04/26/2024,04/28/2024,DENNIS MARKET,Groceries,Sale,-4.59,
04/26/2024,04/28/2024,HMART - PORTLAND,Groceries,Sale,-73.99,
04/25/2024,04/26/2024,COSTCO WHSE #0009,Shopping,Sale,-4.67,
04/25/2024,04/26/2024,MICHAELS #9490,Shopping,Sale,-13.96,
04/24/2024,04/26/2024,MARKET OF CHOICE #2,Groceries,Sale,-21.47,
04/26/2024,04/26/2024,WWW.PROVID* PROVIDENCE,Health & Wellness,Sale,-100.00,
04/25/2024,04/26/2024,COSTCO WHSE #0009,Shopping,Sale,-337.30,
04/24/2024,04/25/2024,MICHAELS STORES 8502,Shopping,Sale,-3.99,
04/24/2024,04/25/2024,Spotify USA,Bills & Utilities,Sale,-14.99,
04/24/2024,04/25/2024,SQ *KAADY CAR WASHES,Automotive,Sale,-15.00,
04/24/2024,04/24/2024,CC* CRUMBL BEAVERTON,Groceries,Sale,-2.62,
04/23/2024,04/23/2024,Payment Thank You-Mobile,,Payment,5173.63,
04/21/2024,04/23/2024,7-ELEVEN 41816,Gas,Sale,-50.43,
04/21/2024,04/22/2024,PEET'S #32302,Food & Drink,Sale,-14.10,
04/21/2024,04/22/2024,USCONNECT TIMBR VEND L,Food & Drink,Sale,-4.15,
04/20/2024,04/22/2024,SENOR GRUBBYS,Food & Drink,Sale,-35.31,
04/19/2024,04/22/2024,SENOR GRUBBYS,Food & Drink,Sale,-20.98,
04/21/2024,04/22/2024,Subway 62752,Food & Drink,Sale,-22.48,
04/21/2024,04/22/2024,CHEVRON 0207761,Gas,Sale,-52.64,
04/21/2024,04/22/2024,CHEVRON 0090040,Gas,Sale,-65.69,
04/20/2024,04/22/2024,IN-N-OUT VALENCIA,Food & Drink,Sale,-11.50,
04/20/2024,04/21/2024,CHEVRON 0305025,Gas,Sale,-63.84,
04/19/2024,04/21/2024,PARAMOUNT+,Bills & Utilities,Sale,-5.99,
04/18/2024,04/21/2024,GHIRARDELLI #133 DCA,Shopping,Sale,-21.50,
04/20/2024,04/21/2024,76 - LANNY TAYLOR,Gas,Sale,-58.60,
04/19/2024,04/21/2024,BREWBERRY CAFE,Food & Drink,Sale,-46.13,
04/17/2024,04/21/2024,DLR POOH CORNER,Shopping,Sale,-14.00,
04/18/2024,04/21/2024,DLR WORLD OF DISNEY,Shopping,Sale,-53.83,
04/18/2024,04/21/2024,DLR CLARABELLE'S HA,Food & Drink,Sale,-6.89,
04/18/2024,04/21/2024,DLR WINE COUNTRY,Food & Drink,Sale,-121.07,
04/20/2024,04/21/2024,CHEVRON 0305025,Gas,Sale,-5.57,
04/20/2024,04/21/2024,SQ *JITTERS EXPRESS,Groceries,Sale,-15.52,
04/16/2024,04/19/2024,DLR LUCKY FORTUNE,Food & Drink,Sale,-45.00,
04/17/2024,04/19/2024,NAPOLINI,Food & Drink,Sale,-19.93,
04/17/2024,04/19/2024,DLR WORLD OF DISNEY,Shopping,Sale,-79.23,
04/17/2024,04/19/2024,DLR THE STAR TRADER,Shopping,Sale,-80.78,
04/16/2024,04/18/2024,DLR ADORABLESNOWMAN,Food & Drink,Sale,-6.78,
04/16/2024,04/18/2024,DLR HUMPHREY'S SUP.,Shopping,Sale,-20.00,
04/16/2024,04/18/2024,DLR PARADISE BEER,Food & Drink,Sale,-15.25,
04/16/2024,04/18/2024,DLR FIDDLER FIFER,Food & Drink,Sale,-25.59,
04/16/2024,04/18/2024,DLR AUNT CASS CAFE,Food & Drink,Sale,-37.35,
04/16/2024,04/17/2024,A MEDIUM CORPORATION,Professional Services,Sale,-5.00,
04/16/2024,04/17/2024,TARGET        00001925,Shopping,Sale,-4.69,
04/14/2024,04/16/2024,COMFORT INNS,Travel,Sale,-70.20,
04/14/2024,04/16/2024,HABIT RYE CANYON #13,Food & Drink,Sale,-27.55,
04/14/2024,04/16/2024,SHELL OIL 12617289009,Gas,Sale,-57.40,
04/14/2024,04/16/2024,M &amp; M MINI MART,Gas,Sale,-57.00,
04/13/2024,04/15/2024,BURGER KING #11648,Food & Drink,Sale,-6.00,
04/13/2024,04/15/2024,SHELL OIL 10014175003,Gas,Sale,-49.44,
04/13/2024,04/15/2024,DUTCH BROS OR2101,Food & Drink,Sale,-12.60,
04/13/2024,04/14/2024,CHEVRON 0356518,Gas,Sale,-53.07,
04/12/2024,04/14/2024,DOLLAR TREE,Shopping,Sale,-4.75,
04/13/2024,04/14/2024,CHEVRON 0356518,Gas,Sale,-2.99,
04/12/2024,04/14/2024,SHELL OIL 57443144209,Gas,Sale,-36.46,
04/12/2024,04/14/2024,SAFEWAY #1525,Groceries,Sale,-29.99,
04/11/2024,04/12/2024,WHOLEFDS PRT 10148,Groceries,Sale,-11.48,
04/12/2024,04/12/2024,AMZN Mktp US,Shopping,Return,24.99,
04/11/2024,04/12/2024,AMZN Mktp US,Shopping,Return,29.32,
04/12/2024,04/12/2024,MED*THE OREGON CLINIC PC,Health & Wellness,Sale,-33.86,
04/11/2024,04/12/2024,TARGET        00034132,Shopping,Sale,-153.26,
04/09/2024,04/10/2024,BANFIELD 5072,Personal,Sale,-40.03,
04/09/2024,04/10/2024,MAILBOXES AND MORE,Personal,Sale,-4.99,
04/09/2024,04/10/2024,CAMRYNSCUTECREATIONS,Shopping,Sale,-14.00,
04/07/2024,04/08/2024,BESTBUYCOM806929870612,Shopping,Sale,-299.99,
04/07/2024,04/08/2024,BESTBUYCOM806929870612,Shopping,Sale,-999.99,
04/06/2024,04/07/2024,SP FURLS CROCHET,Shopping,Sale,-30.75,
04/06/2024,04/07/2024,TST* JAMBA JUICE - 1476 -,Food & Drink,Sale,-9.75,
04/05/2024,04/07/2024,GENTLE DENTAL TIGARD,Health & Wellness,Sale,-816.80,
04/06/2024,04/07/2024,WALGREENS #15071,Health & Wellness,Sale,-4.18,
04/06/2024,04/07/2024,AMZN Mktp US*KR7X05EV3,Shopping,Sale,-54.31,
04/05/2024,04/07/2024,WALGREENS #15071,Health & Wellness,Sale,-20.47,
04/05/2024,04/07/2024,BUSHWHACKERS SALOON,Food & Drink,Sale,-40.00,
04/04/2024,04/05/2024,MCDONALD'S F5957,Food & Drink,Sale,-19.34,
04/04/2024,04/05/2024,AMZN Mktp US*X51IO08B3,Shopping,Sale,-499.99,
04/05/2024,04/05/2024,Amazon.com*RF37X0683,Shopping,Sale,-69.00,
04/03/2024,04/05/2024,ASIAN FOOD CENTER,Groceries,Sale,-11.98,
04/03/2024,04/04/2024,FRED M FUEL 9035,Gas,Sale,-47.61,
04/03/2024,04/04/2024,JOANN STORES #2396,Shopping,Sale,-7.19,
04/03/2024,04/04/2024,MCDONALD'S F2160,Food & Drink,Sale,-4.80,
04/03/2024,04/04/2024,MICHAELS STORES 8502,Shopping,Sale,-41.80,
04/03/2024,04/04/2024,BANFIELD 5072,Personal,Sale,-166.49,
04/02/2024,04/03/2024,Amazon Prime*7I1UJ4OK3,Bills & Utilities,Sale,-14.99,
04/01/2024,04/02/2024,SQ *KAADY CAR WASHES,Automotive,Sale,-15.00,
03/31/2024,04/02/2024,SAFEWAY #1525,Groceries,Sale,-43.95,
04/01/2024,04/02/2024,COSTCO WHSE #0009,Shopping,Sale,-328.12,
04/01/2024,04/02/2024,COSTCO WHSE #0009,Shopping,Sale,-8.47,
04/01/2024,04/01/2024,Payment Thank You-Mobile,,Payment,554.53,
03/31/2024,04/01/2024,MCDONALD'S F16836,Food & Drink,Sale,-13.37,
03/31/2024,04/01/2024,TIL*TP BLACKROCK BR040,Shopping,Sale,-8.15,
03/31/2024,04/01/2024,AMZN Mktp US*JR29Y21B3,Shopping,Sale,-6.99,
03/29/2024,03/31/2024,1830 GREAT CLIPS AT WALKE,Personal,Sale,-30.00,
03/29/2024,03/31/2024,MARKET OF CHOICE #2,Groceries,Sale,-15.08,
03/28/2024,03/31/2024,SHELL OIL 57443144209,Gas,Sale,-46.88,
03/27/2024,03/28/2024,FRED MEYER 0035,Groceries,Sale,-61.19,
03/28/2024,03/28/2024,SQ *WHITE OAK TAPHOUSE,Food & Drink,Sale,-7.20,
03/26/2024,03/27/2024,Hulu 877-8244858 CA,Bills & Utilities,Sale,-2.00,
03/26/2024,03/27/2024,TST* JAMBA JUICE - 1476 -,Food & Drink,Sale,-8.57,
03/26/2024,03/27/2024,SQ *DR. SARAH HOPKINS PSY,Health & Wellness,Sale,-35.00,
03/26/2024,03/26/2024,PAY* PROVIDENCE.ORG,Health & Wellness,Sale,-100.00,
03/24/2024,03/25/2024,OR LIQUOR STORE 107,Food & Drink,Sale,-47.50,
03/23/2024,03/25/2024,MOD PIZZA CEDAR HILLS,Food & Drink,Sale,-15.28,
03/24/2024,03/25/2024,Spotify USA,Bills & Utilities,Sale,-14.99,
03/23/2024,03/24/2024,Payment Thank You-Mobile,,Payment,2468.78,
03/22/2024,03/24/2024,RED LOBSTER 0457,Food & Drink,Sale,-129.32,
03/22/2024,03/24/2024,SHELL OIL 57443144209,Gas,Sale,-49.51,
03/21/2024,03/24/2024,KOHL'S #1002,Shopping,Return,7.99,
03/20/2024,03/22/2024,TACO BELL #732947,Food & Drink,Sale,-31.35,
03/21/2024,03/22/2024,SQ *COFFEE.CUP,Food & Drink,Sale,-14.30,
03/21/2024,03/22/2024,MICHAELS STORES 8502,Shopping,Sale,-33.91,
03/20/2024,03/21/2024,OR LIQUOR STORE 107,Food & Drink,Sale,-66.85,
03/20/2024,03/21/2024,WAL-MART #5935,Groceries,Sale,-59.44,
03/20/2024,03/20/2024,SP RUGGABLE.COM,Home,Sale,-674.10,
03/19/2024,03/20/2024,PARAMOUNT+,Bills & Utilities,Sale,-5.99,
03/20/2024,03/20/2024,PAY* PROVIDENCE.ORG,Health & Wellness,Sale,-31.10,
03/19/2024,03/20/2024,ETSY  INC.,Shopping,Sale,-3.97,
03/14/2024,03/18/2024,SAFEWAY #1525,Groceries,Sale,-31.35,
03/15/2024,03/18/2024,CASCADE TICKETS,Entertainment,Sale,-123.50,
03/16/2024,03/17/2024,KOHL'S #1002,Shopping,Sale,-45.76,
03/16/2024,03/17/2024,A MEDIUM CORPORATION,Professional Services,Sale,-5.00,
03/16/2024,03/17/2024,STEAMGAMES.COM 4259522985,Entertainment,Sale,-35.99,
03/15/2024,03/17/2024,PETSMART # 0384,Shopping,Sale,-42.46,
03/16/2024,03/17/2024,McDonalds 21298,Food & Drink,Sale,-21.16,
03/16/2024,03/17/2024,PANDA EXPRESS #1531,Food & Drink,Sale,-23.40,
03/14/2024,03/15/2024,SQ *ALCHEMY SANDWICH CO,Food & Drink,Sale,-32.20,
03/15/2024,03/15/2024,AMZN Mktp US*RH9U25Z60,Shopping,Sale,-22.49,
03/13/2024,03/14/2024,TARGET        00009100,Shopping,Sale,-1.30,
03/12/2024,03/14/2024,AMK NIKE NORTHW CAFE,Food & Drink,Sale,-2.99,
03/12/2024,03/14/2024,AMK NIKE NORTHW CAFE,Food & Drink,Sale,-6.00,
03/13/2024,03/14/2024,TARGET        00009100,Shopping,Sale,-114.13,
03/13/2024,03/14/2024,AMZN Mktp US*R649H8XV2,Shopping,Sale,-35.05,
03/12/2024,03/14/2024,AMK NIKE NORTHW COFFEE,Food & Drink,Sale,-5.92,
03/12/2024,03/14/2024,AMK NIKE NORTHW CAFE,Food & Drink,Sale,-3.75,
03/13/2024,03/14/2024,MICHAELS STORES 9887,Shopping,Sale,-30.66,
03/11/2024,03/12/2024,TM *AVRIL LAVIGNE,Entertainment,Sale,-190.80,
03/10/2024,03/12/2024,STARBUCKS STORE 00468,Food & Drink,Sale,-6.00,
03/11/2024,03/12/2024,TST* DOUGH ZONE - BEAVERT,Food & Drink,Sale,-111.57,
03/08/2024,03/10/2024,SAFEWAY #1525,Groceries,Sale,-37.16,
03/06/2024,03/08/2024,AMK NIKE NORTHW COFFEE,Food & Drink,Sale,-6.50,
03/06/2024,03/08/2024,AMK NIKE NORTHW CAFE,Food & Drink,Sale,-3.75,
03/05/2024,03/07/2024,SHELL OIL 57443144209,Gas,Sale,-47.58,
03/05/2024,03/07/2024,AMK NIKE NORTHW CAFE,Food & Drink,Sale,-3.75,
03/05/2024,03/07/2024,AMK NIKE NORTHW CAFE,Food & Drink,Sale,-2.99,
03/05/2024,03/07/2024,AMK NIKE NORTHW CAFE,Food & Drink,Sale,-3.25,
03/05/2024,03/07/2024,AMK NIKE NORTHW CAFE,Food & Drink,Sale,-3.25,
03/04/2024,03/05/2024,DENNIS MARKET,Groceries,Sale,-28.37,
03/02/2024,03/03/2024,COSTCO WHSE #0009,Shopping,Sale,-296.52,
03/02/2024,03/03/2024,Amazon Prime*RZ3331JM1,Bills & Utilities,Sale,-14.99,
03/01/2024,03/03/2024,SAFEWAY #1525,Groceries,Sale,-41.57,
03/02/2024,03/03/2024,COSTCO WHSE #0009,Shopping,Sale,-9.96,
03/01/2024,03/03/2024,Etsy.com*CassieSuarezDesi,Shopping,Sale,-0.20,
03/02/2024,03/03/2024,MICHAELS #9490,Shopping,Sale,-119.99,
02/29/2024,03/01/2024,SQ *INSOMNIA COFFEE CO.,Food & Drink,Sale,-20.70,
02/29/2024,02/29/2024,Payment Thank You-Mobile,,Payment,612.64,
02/27/2024,02/29/2024,TST* COFFEE RUSH 1,Food & Drink,Sale,-15.76,
02/26/2024,02/28/2024,MARKET OF CHOICE #2,Groceries,Sale,-41.55,
02/27/2024,02/28/2024,PETSMART # 0384,Shopping,Sale,-58.96,
02/26/2024,02/27/2024,GOOGLE *FI CPT775,Bills & Utilities,Sale,-203.51,
02/26/2024,02/27/2024,Hulu 877-8244858 CA,Bills & Utilities,Sale,-2.00,
02/25/2024,02/27/2024,CARLS JR RESTAURANTS 7155,Food & Drink,Sale,-13.98,
02/23/2024,02/26/2024,ROXYS ISLAND GRILL-JENKIN,Food & Drink,Sale,-39.60,
02/26/2024,02/26/2024,PAY* PROVIDENCE.ORG,Health & Wellness,Sale,-100.00,
02/24/2024,02/25/2024,SQ *DR. SARAH HOPKINS PSY,Health & Wellness,Sale,-70.00,
02/23/2024,02/25/2024,BUSHWHACKERS SALOON,Food & Drink,Sale,-54.00,
02/23/2024,02/25/2024,MCDONALD'S F21298,Food & Drink,Sale,-14.05,
02/24/2024,02/25/2024,Spotify USA,Bills & Utilities,Sale,-14.99,
02/23/2024,02/23/2024,Payment Thank You-Mobile,,Payment,1155.18,
02/21/2024,02/22/2024,WALGREENS #15071,Health & Wellness,Sale,-25.78,
02/19/2024,02/20/2024,PARAMOUNT+,Bills & Utilities,Sale,-5.99,
02/17/2024,02/19/2024,SAFEWAY #1525,Groceries,Sale,-47.23,
02/16/2024,02/18/2024,A MEDIUM CORPORATION,Professional Services,Sale,-5.00,
02/16/2024,02/18/2024,OR LIQUOR STORE 107,Food & Drink,Sale,-56.50,
02/16/2024,02/18/2024,CARLS JR RESTAURANTS 8512,Food & Drink,Sale,-20.36,
02/16/2024,02/18/2024,HMART - PORTLAND,Groceries,Sale,-42.75,
02/16/2024,02/18/2024,76 - CF UNITED APRO LL,Gas,Sale,-43.39,
02/16/2024,02/18/2024,PAPA JOHN'S #1743,Food & Drink,Sale,-27.69,
02/14/2024,02/16/2024,SAFEWAY #1525,Groceries,Sale,-35.77,
02/14/2024,02/16/2024,SAFEWAY #1525,Groceries,Sale,-29.66,
02/15/2024,02/16/2024,THE STEAKHOUSE AT 9900,Food & Drink,Sale,-141.60,
02/13/2024,02/14/2024,SQ *COFFEE.CUP,Food & Drink,Sale,-14.30,
02/13/2024,02/14/2024,WALGREENS #15071,Health & Wellness,Sale,-29.96,
02/11/2024,02/13/2024,CARLS JR RESTAURANTS 7155,Food & Drink,Sale,-12.28,
02/08/2024,02/11/2024,SAFEWAY #1525,Groceries,Sale,-27.38,
02/09/2024,02/11/2024,COSTCO WHSE #0009,Shopping,Sale,-178.53,
02/08/2024,02/09/2024,CHIPOTLE 2686,Food & Drink,Sale,-20.80,
02/07/2024,02/08/2024,AMZN Mktp US*RB9E16BN0,Shopping,Sale,-16.99,
02/06/2024,02/07/2024,MICHAELS STORES 8502,Shopping,Sale,-11.96,
02/02/2024,02/04/2024,Amazon Prime*R299O0311,Bills & Utilities,Sale,-14.99,
02/03/2024,02/04/2024,MICHAELS STORES 9887,Shopping,Sale,-15.97,
02/03/2024,02/04/2024,Amazon.com*R203C4301,Shopping,Sale,-27.79,
01/31/2024,02/04/2024,OFFICE DEPOT #3369,Shopping,Return,72.00,
02/03/2024,02/04/2024,DICKEY'S BARBECUE PIT  O,Shopping,Sale,-35.06,
02/02/2024,02/04/2024,AMZN Mktp US,Shopping,Return,6.56,
02/01/2024,02/02/2024,SQ *KINNAMONS,Food & Drink,Sale,-6.25,
02/01/2024,02/02/2024,TST* DOUGH ZONE - BEAVERT,Food & Drink,Sale,-144.50,
02/01/2024,02/02/2024,Etsy.com*CassieSuarezDesi,Shopping,Sale,-0.40,
02/01/2024,02/02/2024,FRED M FUEL 9482 Q76,Gas,Sale,-37.81,
02/01/2024,02/02/2024,CHEFSTORE 7540,Groceries,Sale,-90.95,
01/31/2024,02/01/2024,MED*PROVIDENCE HLTH SRVC,Health & Wellness,Sale,-66.10,
01/31/2024,01/31/2024,Payment Thank You-Mobile,,Payment,613.02,
01/29/2024,01/30/2024,AMZN Mktp US*R05Y068O1,Shopping,Sale,-6.56,
01/29/2024,01/30/2024,AMZN Mktp US*R00RO8I62,Shopping,Sale,-19.99,
01/26/2024,01/28/2024,BUSHWHACKERS SALOON,Food & Drink,Sale,-7.00,
01/25/2024,01/28/2024,OFFICE DEPOT #3369,Shopping,Return,0.75,
01/26/2024,01/28/2024,SQ *INSOMNIA COFFEE CO.,Food & Drink,Sale,-14.95,
01/28/2024,01/28/2024,PANDA EXPRESS #1531 P,Food & Drink,Sale,-24.72,
01/26/2024,01/28/2024,Hulu 877-8244858 CA,Bills & Utilities,Sale,-2.00,
01/26/2024,01/28/2024,COSTCO WHSE #0692,Shopping,Sale,-136.67,
01/25/2024,01/28/2024,OFFICE DEPOT #3369,Shopping,Sale,-72.75,
01/26/2024,01/26/2024,PAY* PROVIDENCE.ORG,Health & Wellness,Sale,-100.00,
01/25/2024,01/25/2024,Amazon.com*R04Y29332,Shopping,Sale,-11.99,
01/23/2024,01/25/2024,MARGARITA FACTORY BEAVERT,Food & Drink,Sale,-99.25,
01/25/2024,01/25/2024,AMZN Mktp US*R81RC8YS1,Shopping,Sale,-30.93,
01/24/2024,01/25/2024,Spotify USA,Bills & Utilities,Sale,-14.99,
01/25/2024,01/25/2024,AMZN Mktp US*R02YW3302,Shopping,Sale,-30.42,
01/23/2024,01/23/2024,Payment Thank You-Mobile,,Payment,1334.75,
01/22/2024,01/23/2024,AMZN Mktp US*R04D78XN0,Shopping,Sale,-0.55,
01/22/2024,01/23/2024,DOLLAR TREE,Shopping,Sale,-41.00,
01/21/2024,01/22/2024,TIL*TP BLACKROCK BR040,Shopping,Sale,-12.35,
01/20/2024,01/21/2024,SQ *COFFEE.CUP,Food & Drink,Sale,-6.60,
01/19/2024,01/21/2024,BUSHWHACKERS SALOON,Food & Drink,Sale,-73.00,
01/19/2024,01/21/2024,WALGREENS #15071,Health & Wellness,Sale,-19.39,
01/19/2024,01/21/2024,SHELL OIL 57443144209,Gas,Sale,-42.06,
01/16/2024,01/17/2024,SQ *INSOMNIA COFFEE CO.,Food & Drink,Sale,-13.00,
01/15/2024,01/17/2024,DAVES HOT CHICKEN 1022,Food & Drink,Sale,-2.49,
01/15/2024,01/17/2024,DAVES HOT CHICKEN 1022,Food & Drink,Sale,-27.57,
01/14/2024,01/16/2024,TACO BELL #032947,Food & Drink,Sale,-21.78,
01/15/2024,01/16/2024,AMZN Mktp US*RT0W605U1,Shopping,Sale,-36.91,
01/14/2024,01/15/2024,DAIRY QUEEN #18416,Food & Drink,Sale,-28.85,
01/11/2024,01/11/2024,AMZN Mktp US*RT3DS4LN2,Shopping,Sale,-14.39,
01/09/2024,01/10/2024,AMZN Mktp US*RT34C7MF0,Shopping,Sale,-23.67,
01/08/2024,01/09/2024,COSTCO WHSE #0009,Shopping,Sale,-349.33,
01/08/2024,01/09/2024,COSTCO WHSE #0009,Shopping,Sale,-4.67,
01/07/2024,01/08/2024,UBER   EATS,Food & Drink,Sale,-29.90,
01/05/2024,01/07/2024,DUTCH BROS OR3103,Food & Drink,Sale,-13.90,
01/06/2024,01/07/2024,AMZN Mktp US*TK0Z11WF0,Shopping,Sale,-25.78,
01/04/2024,01/07/2024,PIZZA HUT 002905,Food & Drink,Sale,-26.03,
01/07/2024,01/07/2024,ETSY  INC.,Shopping,Sale,-2.50,
01/04/2024,01/07/2024,SHELL OIL 57443142708,Gas,Sale,-47.80,
01/04/2024,01/05/2024,SQ *THE COFFEE STATION,Food & Drink,Sale,-12.00,
01/04/2024,01/05/2024,MCDONALD'S F21298,Food & Drink,Sale,-8.45,
01/03/2024,01/03/2024,EA *ELECTRONIC ARTS,Bills & Utilities,Sale,-33.96,
01/03/2024,01/03/2024,EA *ELECTRONIC ARTS,Bills & Utilities,Sale,-33.96,
01/02/2024,01/03/2024,Amazon Prime*OY4CP2T03,Bills & Utilities,Sale,-14.99,
01/02/2024,01/03/2024,PETSMART # 0384,Shopping,Sale,-93.92,
12/31/2023,01/02/2024,SAFEWAY #1525,Groceries,Sale,-78.33,
01/01/2024,01/02/2024,BEP LLC,Food & Drink,Sale,-37.15,
12/30/2023,01/01/2024,MOD PIZZA TANASBOURNE,Food & Drink,Sale,-22.58,
